translator,family,language,conversational_cosine,conversational_bleu,conversational_ter,conversational_embedding,cultural_cosine,cultural_bleu,cultural_ter,cultural_embedding,idiomatic_cosine,idiomatic_bleu,idiomatic_ter,idiomatic_embedding,technical_cosine,technical_bleu,technical_ter,technical_embedding,legal_cosine,legal_bleu,legal_ter,legal_embedding,emotional_cosine,emotional_bleu,emotional_ter,emotional_embedding,topical_cosine,topical_bleu,topical_ter,topical_embedding
nllb,slavic,ru,0.982426,48.0701,39.6996,0.7769269943237305,0.967109,45.3674,36.5127,0.8689320087432861,0.968939,46.5409,37.2733,0.8400999903678894,0.956321,38.9367,42.6782,0.8524889945983887,0.971526,38.5289,44.6607,0.8217319846153259,0.982182,44.1228,38.8554,0.8654860258102417,0.9714171666666666,43.59446666666667,39.94665,0.8376109997431437
nllb,slavic,pl,0.980795,45.9229,41.2017,0.763264000415802,0.965595,43.8212,38.301,0.8749139904975891,0.966878,42.1002,41.0343,0.8044700026512146,0.952055,34.6003,48.7079,0.8246639966964722,0.970011,33.5065,48.7423,0.8139489889144897,0.982659,43.7058,39.6084,0.8656709790229797,0.9696655,40.60948333333334,42.9326,0.8244886596997579
nllb,slavic,cs,0.98429,48.9535,36.3734,0.7773370146751404,0.963761,40.6337,41.0581,0.8630719780921936,0.96453,42.5626,41.4372,0.813480019569397,0.954359,35.2326,46.9851,0.8367969989776611,0.970954,35.6403,46.7489,0.8057339787483215,0.981426,44.1215,40.2108,0.873682975769043,0.9698866666666666,41.1907,42.13558333333333,0.8283504943052927
nllb,slavic,uk,0.981878,49.4369,38.0901,0.7654169797897339,0.961327,40.5052,39.7914,0.8531590104103088,0.968264,44.5789,38.6165,0.8268610239028931,0.945651,29.2385,72.7486,0.8001790046691895,0.971674,38.7266,44.2335,0.8158980011940002,0.982415,44.6272,38.1526,0.8532019853591919,0.9685348333333333,41.18555,45.27211666666667,0.8191193342208862
nllb,slavic,bg,0.984808,50.7842,35.7296,0.7934240102767944,0.967214,48.9129,34.4262,0.8705880045890808,0.970623,48.091,34.8556,0.8298140168190002,0.9537,35.8118,48.7079,0.8147050142288208,0.969199,32.3462,48.0778,0.7929499745368958,0.983973,47.7437,35.743,0.8812159895896912,0.9715861666666666,43.94830000000001,39.59001666666666,0.8304495016733805
nllb,slavic,sr,0.981029,52.8499,35.9442,0.7873430252075195,0.961609,42.0224,38.7481,0.866523027420044,0.967778,42.7764,39.2881,0.8114609718322754,0.954135,39.8999,42.4432,0.8217080235481262,0.972311,41.4419,41.4808,0.8199380040168762,0.983729,48.7043,34.2369,0.8650130033493042,0.9700985000000001,44.6158,38.690216666666664,0.8286643425623575
nllb,slavic,hr,0.985893,58.6356,29.5064,0.8133450150489807,0.961617,39.8604,48.0626,0.8606060147285461,0.969322,48.848,35.2586,0.8373069763183594,0.931732,14.0807,97.4158,0.7765250205993652,0.904445,7.1901,158.0921,0.723675012588501,0.982932,46.9742,36.7972,0.878167986869812,0.9559901666666667,35.9315,67.52211666666666,0.8149376710255941
nllb,slavic,sk,0.986063,50.9996,35.515,0.7864369750022888,0.96543,39.532,43.1446,0.8609690070152283,0.964281,42.4773,40.497,0.8153200149536133,0.950869,36.105,47.0634,0.8288609981536865,0.96919,33.7116,46.2269,0.8043929934501648,0.982434,44.4642,38.7048,0.8620719909667969,0.9697111666666668,41.214949999999995,41.85861666666667,0.8263419965902964
nllb,slavic,sl,0.982721,45.8606,40.3433,0.7777310013771057,0.958066,32.5975,50.5216,0.8279749751091003,0.960388,35.9474,46.7428,0.7886409759521484,0.946194,29.2678,55.9906,0.7799779772758484,0.966235,29.8047,52.9663,0.8001369833946228,0.980663,43.0331,41.3153,0.8584989905357361,0.9657111666666666,36.08518333333333,47.97998333333334,0.8054934839407603
